,0
0,Adair
1,Affinity
2,Afternoon
3,Air
4,Alabama
5,Alaska
6,Alba
7,Albany
8,Alchemy
9,Alea
10,Alice
11,Allegory
12,Allegro
13,Alma
14,Almond
15,Amadea
16,Amen
17,Angel
18,Angelou
19,Ann
20,Anne
21,Antiquity
22,Aquarius
23,Arabesque
24,Arcadia
25,Arcana
26,Arden
27,Aria
28,Armistice
29,Arrow
30,Arya
31,Ash
32,Atlantis
33,Auburn
34,Austen
35,Avalon
36,Ayn
37,Banjo
38,Banks
39,Bay
40,Bea
41,Beck
42,Bee
43,Bell
44,Belle
45,Beloved
46,Bess
47,Bird
48,Birdie
49,Blair
50,Blaise
51,Blessing
52,Bleu
53,Bliss
54,Blithe
55,Blue
56,Blythe
57,Boheme
58,Bohemia
59,Bonanza
60,Boo
61,Bowie
62,Bree
63,Breeze
64,Briar
65,Britt
66,Bronte
67,Brooke
68,Bryn
69,Butterfly
70,Byrd
71,Cadence
72,Cairo
73,Calamity
74,Calico
75,Cameo
76,Camera
77,Canyon
78,Cascade
79,Cashmere
80,Cat
81,Catherine
82,Cayenne
83,Cedar
84,Ceil
85,Chambray
86,Chan
87,Chanel
88,Charisma
89,Charity
90,Cherish
91,Christian
92,Christmas
93,Chrysalis
94,Cinnabar
95,Cinnamon
96,Claire
97,Clare
98,Clarity
99,Claude
100,Cloud
101,Coco
102,Comet
103,Comfort
104,Concord
105,Copper
106,Countess
107,Creek
108,Cruise
109,Curry
110,Cyan
111,Cypress
112,Dale
113,Dallas
114,Dancer
115,Dane
116,Dash
117,Dawn
118,Day
119,December
120,Delight
121,Democracy
122,Denim
123,Desire
124,Destiny
125,Dharma
126,Discovery
127,Diversity
128,Divine
129,Divinity
130,Doe
131,Doss
132,Dot
133,Dove
134,Dream
135,Drum
136,Dune
137,Early
138,East
139,Eccentricity
140,Echo
141,Elan
142,Eleven
143,Elise
144,Elizabeth
145,Ellen
146,Eloquence
147,Eloquent
148,Empress
149,Endeavour
150,Energy
151,Enterprise
152,Epiphany
153,Era
154,Essence
155,Eternity
156,Ethereal
157,Euphony
158,Eve
159,Evening
160,Ever
161,Everest
162,Every
163,Experience
164,Explorer
165,Eyre
166,Fable
167,Faith
168,Favor
169,Fawn
170,Fay
171,Faye
172,Feather
173,February
174,Fern
175,Fey
176,Fidelity
177,Finn
178,Firth
179,Flair
180,Flame
181,Fleur
182,Flynn
183,Forever
184,Fortune
185,France
186,Frances
187,Free
188,Freedom
189,Frost
190,Future
191,Gail
192,Galaxy
193,Galilee
194,Garland
195,Generosity
196,Genesis
197,Glimmer
198,Glory
199,Goddess
200,Golden
201,Grace
202,Gravity
203,Gray
204,Greer
205,Grey
206,Grove
207,Guitar
208,Gwen
209,Halcyon
210,Hallow
211,Halo
212,Happy
213,Harbor
214,Harmony
215,Harper
216,Harvest
217,Havana
218,Haven
219,Heaven
220,Heaven
221,Heavenly
222,Hero
223,Hills
224,Holiday
225,Honesty
226,Honey
227,Honor
228,Hope
229,Horizon
230,Hummingbird
231,Hunter
232,Hurricane
233,Illumination
234,Imagery
235,Imagine
236,India
237,Indiana
238,Indigo
239,Infinity
240,Inspiration
241,Integrity
242,Ireland
243,Isle
244,Italia
245,Ivory
246,Jade
247,James
248,Jane
249,January
250,Janvier
251,Jay
252,Jaz
253,Jazz
254,Jean
255,Jericho
256,Jet
257,Jeune
258,Jewel
259,Jinx
260,Jinx
261,Jo
262,Joan
263,Journey
264,Joy
265,Jubilee
266,Jude
267,Jumelle
268,June
269,Justice
270,Kai
271,Karma
272,Kate
273,Kay
274,Kennedy
275,Kerr
276,Kindred
277,Kismet
278,Kit
279,Kulture
280,Lake
281,Landry
282,Lane
283,Lark
284,Leaf
285,Lee
286,Legacy
287,Legend
288,Leigh
289,Leith
290,Lemon
291,Lennon
292,Liberty
293,Lil
294,Lincoln
295,Lior
296,Liv
297,London
298,Lou
299,Louise
300,Love
301,Loveday
302,Loyalty
303,Lucky
304,Lullaby
305,Lux
306,Lyle
307,Lynn
308,Lyric
309,Lyrical
310,Mae
311,Maeve
312,Magic
313,Maison
314,Maize
315,Maize
316,Majesty
317,Mame
318,Maple
319,March
320,Margaret
321,Marie
322,Mars
323,Marvel
324,Mary
325,Maude
326,Mauve
327,Maven
328,Max
329,May
330,Mckinley
331,Mercury
332,Mercy
333,Meridian
334,Merry
335,Miracle
336,Monday
337,Montana
338,Moon
339,Morning
340,Moroccan
341,Moxie
342,Muse
343,Music
344,Mystery
345,Mystique
346,Nairobi
347,Nature
348,Neal
349,Neve
350,Nile
351,North
352,Nova
353,Nyx
354,Oak
355,Oakley
356,Ocean
357,Ochre
358,Ode
359,Onyx
360,Opera
361,Orion
362,Pace
363,Page
364,Paige
365,Painter
366,Pallas
367,Patience
368,Pax
369,Paz
370,Peace
371,Pearl
372,Pebbles
373,Petal
374,Peyton
375,Pistol
376,Pixie
377,Pleasant
378,Plum
379,Poe
380,Poesy
381,Poet
382,Poetry
383,Porsche
384,Praise
385,Precious
386,Princess
387,Promise
388,Puck
389,Queen
390,Quince
391,Quincy
392,Quintessence
393,Rae
394,Rain
395,Rainbow
396,Rainy
397,Raven
398,Ray
399,Rebel
400,Reed
401,Reese
402,Reeve
403,Reign
404,Remarkable
405,Remember
406,Revel
407,Revere
408,Reverie
409,Rhythm
410,Rio
411,River
412,Roma
413,Rosary
414,Rose
415,Royal
416,Royalty
417,Rue
418,Rumi
419,Rune
420,Ruth
421,Sable
422,Saga
423,Sage
424,Sailor
425,Sam
426,Sativa
427,Savvy
428,Scout
429,Season
430,Secret
431,Sequoia
432,Serendipity
433,Serene
434,Sesame
435,Seth
436,Seven
437,Shade
438,Shay
439,Shea
440,Shell
441,Shenandoah
442,Sierra
443,Silence
444,Silken
445,Silver
446,Simplicity
447,Sincere
448,Sincerity
449,Sky
450,Slate
451,Snow
452,Snowdrop
453,Sojourner
454,Solace
455,Solo
456,Solstice
457,Sonnet
458,Sparrow
459,Spirit
460,Spring
461,Star
462,Starlit
463,Starr
464,Steel
465,Stellar
466,Storm
467,Story
468,Street
469,Sue
470,Sugar
471,Summer
472,Sunday
473,Sunny
474,Sunshine
475,Symphony
476,Taffeta
477,Tai
478,Tangerine
479,Tate
480,Tawny
481,Teal
482,Tempest
483,Tempo
484,Terra
485,Tess
486,Thankful
487,Timber
488,Tornado
489,True
490,Truth
491,Unique
492,Vale
493,Valentine
494,Valley
495,Venus
496,Vern
497,Verve
498,Welcome
499,West
500,West
501,Whimsy
502,Whit
503,Wilder
504,Willow
505,Win
506,Winner
507,Winsome
508,Winter
509,Wisdom
510,Wren
511,Wynn
512,Yael
513,Yarrow
514,Zen
515,Zennor
516,Zephyr
517,Zia
518,Zora
